Maria Silva,maria.silva@email.com,28,Feminino,BR
João Santos,joao.santos@email.com,35,Masculino,PT
Ana Pereira,ana.pereira@email.com,22,Feminino,PT
Pedro Oliveira,pedro.oliveira@email.com,30,Masculino,BR
Sofia Costa,sofia.costa@email.com,26,Feminino,PT
Luís Rodrigues,luis.rodrigues@email.com,33,Masculino,PT
Laura Alves,laura.alves@email.com,29,Feminino,BR
André Ferreira,andre.ferreira@email.com,31,Masculino,BR
Beatriz Sousa,beatriz.sousa@email.com,24,Feminino,PT
Carlos Pereira,carlos.pereira@email.com,27,Masculino,BR
Isabela Santos,isabela.santos@email.com,34,Feminino,BR
Miguel Fernandes,miguel.fernandes@email.com,25,Masculino,PT
Helena Silva,helena.silva@email.com,28,Feminino,BR
Tiago Pereira,tiago.pereira@email.com,29,Masculino,PT
Sofia Rodrigues,sofia.rodrigues@email.com,31,Feminino,PT
Lucas Almeida,lucas.almeida@email.com,26,Masculino,BR
Camila Oliveira,camila.oliveira@email.com,27,Feminino,BR
Pedro Santos,pedro.santos@email.com,32,Masculino,PT
Mariana Costa,mariana.costa@email.com,23,Feminino,BR
Guilherme Fernandes,guilherme.fernandes@email.com,30,Masculino,BR