Sofia Santos,sofia.santos@email.com,27,Feminino,PT
Marcelo Fernandes,marcelo.fernandes@email.com,33,Masculino,BR
Luana Silva,luana.silva@email.com,29,Feminino,BR
Gustavo Oliveira,gustavo.oliveira@email.com,28,Masculino,BR
Amanda Costa,amanda.costa@email.com,25,Feminino,PT
Rafael Pereira,rafael.pereira@email.com,26,Masculino,BR
Juliana Alves,juliana.alves@email.com,30,Feminino,BR
Daniel Rodrigues,daniel.rodrigues@email.com,32,Masculino,PT
Laura Fernandes,laura.fernandes@email.com,31,Feminino,PT
Felipe Santos,felipe.santos@email.com,35,Masculino,BR
Ana Rodrigues,ana.rodrigues@email.com,23,Feminino,PT
Diego Oliveira,diego.oliveira@email.com,34,Masculino,BR
Camila Costa,camila.costa@email.com,27,Feminino,BR
Eduardo Pereira,eduardo.pereira@email.com,29,Masculino,BR
Isabela Almeida,isabela.almeida@email.com,26,Feminino,BR
Leonardo Fernandes,leonardo.fernandes@email.com,32,Masculino,PT
Paula Santos,paula.santos@email.com,28,Feminino,BR
Bruno Silva,bruno.silva@email.com,30,Masculino,BR
Carla Costa,carla.costa@email.com,31,Feminino,PT
Marconatos Oliveira,marconatos.oliveira@email.com,27,Masculino,BR
Carla Costantino,carla.costantino@email.com,31,Feminino,UK